<?xml version="1.0" encoding="UTF-8"?>
<beans xmlns="http://www.springframework.org/schema/beans"
	xmlns:xsi="http://www.w3.org/2001/XMLSchema-instance" xmlns:p="http://www.springframework.org/schema/p"
	xsi:schemaLocation="http://www.springframework.org/schema/beans http://www.springframework.org/schema/beans/spring-beans-4.1.xsd http://www.springframework.org/schema/tx http://www.springframework.org/schema/tx/spring-tx.xsd"
	xmlns:tx="http://www.springframework.org/schema/tx">
	
	<bean id="liangzaoqing" class="cn.edu.scau.cmi.lilinsen.spring.domain.Teacher">
		<property name="name" value="梁早清"></property>
		<property name="id" value="111"></property>
	</bean>
	
	<bean id="lilinsen" class="cn.edu.scau.cmi.lilinsen.spring.domain.Student">
		<property name="name" value="lls"></property>
		<property name="id" value="111"></property>
	</bean>
</beans>