<?xml version="1.0" encoding="utf-8"?>
<!DOCTYPE hibernate-mapping PUBLIC "-//Hibernate/Hibernate Mapping DTD 3.0//EN"
"http://www.hibernate.org/dtd/hibernate-mapping-3.0.dtd">
<!-- 
    Mapping file autogenerated by MyEclipse Persistence Tools
-->
<hibernate-mapping>
    <class name="hibernate.Student" table="student" catalog="simple_sudent">
        <id name="stuId" type="java.lang.Integer">
            <column name="stu_id" />
            <generator class="assigned" />
        </id>
        <property name="stuName" type="java.lang.String">
            <column name="stu_name" length="12" not-null="true" />
        </property>
    </class>
</hibernate-mapping>
